"20140205","MW1007-26","05","A2","Acetaminophen","0.1","uM",1.91415955926895,5.655,0.0925115934133057,39.84625,0.55925,16.383,8,4,0,NA,NA,NA,NA,NA,NA,0.00397892614280072,0.731494564779373,1.42588327263296,"ON_20140205_MW1007-26_DIV05_001.h5"
"20140205","MW1007-26","05","A3","Acetaminophen","0.3","uM",0.402068334883952,2.52,0.0318773913043465,60.108,0.15,23.706,7,1,0,NA,NA,NA,NA,NA,NA,0.000833508343256899,0.969020342254279,1.3531466024001,"ON_20140205_MW1007-26_DIV05_001.h5"
"20140205","MW1007-26","05","A4","Acetaminophen","1","uM",7.05732883224877,11.1,0.128949306029579,83.615,3.977,1.421,7,1,0,NA,NA,NA,NA,NA,NA,0.000914731477764161,0.713168312315435,1.72816042747534,"ON_20140205_MW1007-26_DIV05_001.h5"
"20140205","MW1007-26","05","A6","Acetaminophen","10","uM",1.70906135879243,1.62,0.145777297802709,9.469,0.6715,36.032,5,2,0,NA,NA,NA,NA,NA,NA,0.000355054544778358,0.992775076696825,1.69663319385023,"ON_20140205_MW1007-26_DIV05_001.h5"
"20140205","MW1007-26","05","B1","Bisindolymaleimide 1","0","uM",3.35797502867365,6.87,0.130535410296467,32.726,1.19,50.286,5,2,0,NA,NA,NA,NA,NA,NA,-0.0003720042498246,0.84989985219873,1.76100163078498,"ON_20140205_MW1007-26_DIV05_001.h5"
"20140205","MW1007-26","05","B2","Bisindolymaleimide 1","0.03","uM",4.00117599027372,5.19,0.116076625263783,47.911,2.65,34.0385,6,2,0,NA,NA,NA,NA,NA,NA,-0.000118884502380972,0.467723166122079,2.24346751567993,"ON_20140205_MW1007-26_DIV05_001.h5"
"20140205","MW1007-26","05","B3","Bisindolymaleimide 1","0.1","uM",3.11900988624262,4.32,0.136005046257359,16.3945,0.966,58.301,7,2,0,NA,NA,NA,NA,NA,NA,0.000445247158918638,0.943971614005401,1.86007280610494,"ON_20140205_MW1007-26_DIV05_001.h5"
"20140205","MW1007-26","05","B4","Bisindolymaleimide 1","0.3","uM",2.95861604914606,6.93,0.122923464052289,40.753,1.2865,35.223,7,2,0,NA,NA,NA,NA,NA,NA,-0.000414515585067308,0.537150121296579,1.76694110840332,"ON_20140205_MW1007-26_DIV05_001.h5"
"20140205","MW1007-26","05","B8","Bisindolymaleimide 1","0","uM",2.60025864734473,3.68,0.0874765468161073,20.7613333333333,0.807666666666667,34.552,4,3,0,NA,NA,NA,NA,NA,NA,0.00248518890817538,1.18330825968327,1.18377720688917,"ON_20140205_MW1007-26_DIV05_001.h5"
"20140205","MW1007-26","05","C1","Domoic Acid","0","uM",2.8253157656131,5.19,0.141663,18.4995,0.8545,33.1875,3,2,0,NA,NA,NA,NA,NA,NA,-9.14468963665001e-05,1.61790829506002,1.56225521856328,"ON_20140205_MW1007-26_DIV05_001.h5"
"20140205","MW1007-26","05","C2","Domoic Acid","3e-04","uM",2.88419908869135,7.38,0.0886612173801919,40.1586666666667,0.771,44.1693333333333,9,3,0,NA,NA,NA,NA,NA,NA,0.00106094953260997,0.490018789102159,2.29799645969574,"ON_20140205_MW1007-26_DIV05_001.h5"
"20140205","MW1007-26","05","C3","Domoic Acid","0.001","uM",5.21063222135321,3.12,0.0828355857385409,13.249,1.016,17.465,3,1,0,NA,NA,NA,NA,NA,NA,0.00141982901872786,1.33159343762556,2.87874692321448,"ON_20140205_MW1007-26_DIV05_001.h5"
"20140205","MW1007-26","05","C4","Domoic Acid","0.003","uM",1.90232870754617,3.84,0.120787643047299,27.311,0.791666666666667,25.776,7,3,0,NA,NA,NA,NA,NA,NA,0.00207401801131272,0.440922527036562,0.990355343045302,"ON_20140205_MW1007-26_DIV05_001.h5"
"20140205","MW1007-26","05","C5","Domoic Acid","0.01","uM",1.1104744487271,2.92,0.129433790269042,26.8863333333333,0.73,23.217,7,3,0,NA,NA,NA,NA,NA,NA,0.000204066826812555,1.46947070757492,1.34094039914529,"ON_20140205_MW1007-26_DIV05_001.h5"
"20140205","MW1007-26","05","C6","Domoic Acid","0.03","uM",4.00153723765457,3.36,0.103837262432094,47.2573333333333,4.06866666666667,19.1446666666667,7,3,0,NA,NA,NA,NA,NA,NA,0.000198258386959144,0.52074536480982,2.05713787126497,"ON_20140205_MW1007-26_DIV05_001.h5"
"20140205","MW1007-26","05","C7","Domoic Acid","0.1","uM",1.02522006684695,0.96,0.113042222222221,9.197,0.543,55.607,3,1,0,NA,NA,NA,NA,NA,NA,-2.06863727352126e-06,1.35813172454969,1.29817026885444,"ON_20140205_MW1007-26_DIV05_001.h5"
"20140205","MW1007-26","05","C8","Domoic Acid","0","uM",2.39398639288046,3.48,0.157972040856747,18.123,0.9765,12.7855,4,2,0,NA,NA,NA,NA,NA,NA,0.000448597465469467,1.48913492572119,2.4146977804373,"ON_20140205_MW1007-26_DIV05_001.h5"
"20140205","MW1007-26","05","D2","Loperamide","0.1","uM",4.67797295829266,2.73,0.0800432007013404,65.621,7.2015,18.388,6,2,0,NA,NA,NA,NA,NA,NA,0.002789402282969,1.00932449010083,2.49020004007891,"ON_20140205_MW1007-26_DIV05_001.h5"
"20140205","MW1007-26","05","D8","Loperamide","0","uM",4.42925413657873,11.58,0.109979161873459,34.133,0.752,4.428,5,1,0,NA,NA,NA,NA,NA,NA,0.00268404834974191,0.639256929719562,2.25894803928187,"ON_20140205_MW1007-26_DIV05_001.h5"
"20140205","MW1007-26","05","E1","Mevastatin","0","uM",5.07046823758414,7.6,0.0944965875064744,74.6466666666667,9.28433333333333,6.911,9,3,0,NA,NA,NA,NA,NA,NA,0.000207297343770868,0.967204502173391,1.9236969124184,"ON_20140205_MW1007-26_DIV05_001.h5"
"20140205","MW1007-26","05","E2","Mevastatin","0.1","uM",3.01791222637384,2.75142857142857,0.0720855504935145,63.2971428571429,8.61514285714286,27.0778571428571,10,7,13,8.92307692307692,0.210673076923077,0.476713188019445,NA,0.0618038869456884,11.6923076923077,0.0274036417074847,0.585987137195971,1.89227161963987,"ON_20140205_MW1007-26_DIV05_001.h5"
"20140205","MW1007-26","05","E3","Mevastatin","0.3","uM",1.12275685967594,7.08,0.0683372864321603,68.147,0.374,8.028,5,1,0,NA,NA,NA,NA,NA,NA,0.00799987786828617,1.44132552396054,2.49323051891029,"ON_20140205_MW1007-26_DIV05_001.h5"
"20140205","MW1007-26","05","E8","Mevastatin","0","uM",2.16152370330469,3.96,0.133571387745381,22.267,0.853,26.5405,6,2,0,NA,NA,NA,NA,NA,NA,0.0038646980139969,0.970482364822055,0.951736155296997,"ON_20140205_MW1007-26_DIV05_001.h5"
"20140205","MW1007-26","05","F1","Sodium Orthovanadate","0","uM",2.03743522798337,1.68,0.092729572649573,7.606,0.417,23.975,5,1,0,NA,NA,NA,NA,NA,NA,0.00085219386583831,0.993402893377381,2.10610097985436,"ON_20140205_MW1007-26_DIV05_001.h5"
"20140205","MW1007-26","05","F2","Sodium Orthovanadate","0.03","uM",1.48689421957084,2.04,0.123683287671234,12.901,0.583,29.381,7,1,0,NA,NA,NA,NA,NA,NA,0.000104922179004604,1.00024471738967,0.998620363987872,"ON_20140205_MW1007-26_DIV05_001.h5"
"20140205","MW1007-26","05","F3","Sodium Orthovanadate","0.1","uM",2.67142438137181,15.84,0.0687063343108505,65.233,0.384,3.371,6,1,0,NA,NA,NA,NA,NA,NA,7.27546429599566e-05,1.02793240525788,1.6095908744937,"ON_20140205_MW1007-26_DIV05_001.h5"
"20140205","MW1007-26","05","F4","Sodium Orthovanadate","0.3","uM",1.17586022466061,3,0.0954729032258057,27.097,0.515,19.436,8,1,0,NA,NA,NA,NA,NA,NA,0.000622391292196689,0.814840913562147,2.10420210881283,"ON_20140205_MW1007-26_DIV05_001.h5"
"20140205","MW1007-26","05","F6","Sodium Orthovanadate","3","uM",1.81851931518941,2.04,0.144039480519481,11.025,0.716,27.123,4,1,0,NA,NA,NA,NA,NA,NA,-0.000536801154548288,0.884686639353825,1.43484347145001,"ON_20140205_MW1007-26_DIV05_001.h5"
"20140205","MW1007-26","05","F8","Sodium Orthovanadate","0","uM",2.97812340771186,6.21,0.139495871476111,29.956,1.1365,33.0075,5,2,0,NA,NA,NA,NA,NA,NA,-7.44919075415346e-05,0.721869632127535,1.2873818418444,"ON_20140205_MW1007-26_DIV05_001.h5"
"20140205","MW1007-26","07","A1","Acetaminophen","0","uM",1.31040549598885,2.59285714285714,0.0671603914735259,44.603,0.638214285714286,41.4924285714286,14,14,33,12.6060606060606,0.241979016354016,5.12670668862562,NA,0.0576709229592127,29.2424242424242,0.0750476197904044,0.482582965098733,0.973480515207894,"ON_20140205_MW1007-26_DIV07_001.h5"
"20140205","MW1007-26","07","A2","Acetaminophen","0.1","uM",1.46174849603191,1.87125,0.0461122702385567,69.716375,1.49675,43.75625,16,16,25,14.56,0.203926728826729,6.58444816053512,NA,0.0904920717587732,63,0.173740100763997,0.392100913849443,1.58247807787295,"ON_20140205_MW1007-26_DIV07_001.h5"
"20140205","MW1007-26","07","A3","Acetaminophen","0.3","uM",0.779423702823701,1.82769230769231,0.052308540675937,59.1126923076923,0.528307692307692,38.6213076923077,13,13,32,12.9375,0.196155452620296,11.856608837343,NA,0.041989036792213,38.65625,0.13719085598941,0.583780014148314,0.91881501126008,"ON_20140205_MW1007-26_DIV07_001.h5"
"20140205","MW1007-26","07","A4","Acetaminophen","1","uM",0.789784179043325,1.895,0.0466528765825012,71.5191666666667,0.660916666666667,33.475,13,12,31,12.8387096774194,0.234998428990365,11.7871485943775,NA,0.0828581810491353,37.8709677419355,0.141705380181569,0.454298303495337,0.870754529853437,"ON_20140205_MW1007-26_DIV07_001.h5"
"20140205","MW1007-26","07","A5","Acetaminophen","3","uM",1.08457827372802,1.895,0.0539631818881758,53.23025,0.791916666666667,37.9693333333333,15,12,29,12.5862068965517,0.241834415584416,6.77271796272274,NA,0.0824330692577411,34.2068965517241,0.0957332021650545,0.550191767159208,0.887823344959686,"ON_20140205_MW1007-26_DIV07_001.h5"
"20140205","MW1007-26","07","A6","Acetaminophen","10","uM",1.89483019090976,3.044,0.0614366644195987,47.2948,0.7682,26.9602666666667,16,15,29,14.9310344827586,0.283837917350848,4.68530269250557,NA,0.0862476998470297,47.1034482758621,0.100435655719387,0.311959887092509,0.77287299136254,"ON_20140205_MW1007-26_DIV07_001.h5"
"20140205","MW1007-26","07","A7","Acetaminophen","30","uM",0.555855531768654,1.735,0.0586664196826931,61.9435833333333,0.541583333333333,39.9109166666667,13,12,41,11.4878048780488,0.184595189701897,12.9587482219061,NA,0.0485328800989345,22.219512195122,0.104955024270968,0.710039672695836,0.825135340367948,"ON_20140205_MW1007-26_DIV07_001.h5"
"20140205","MW1007-26","07","A8","Acetaminophen","0","uM",0.9540747151358,1.34,0.0692710518722463,32.0953333333333,0.510777777777778,46.1594444444444,13,9,18,12,0.157308201058201,4.3557168784029,NA,0.0374183650988953,24,0.0589769973419874,0.443353641540369,1.02107678095876,"ON_20140205_MW1007-26_DIV07_001.h5"
"20140205","MW1007-26","07","B1","Bisindolymaleimide 1","0","uM",1.76399799692546,2.13,0.0621588450868926,46.1693125,1.565125,45.974125,16,16,19,14.6842105263158,0.228787593984962,3.23217626273124,NA,0.0375587446235464,49.1052631578947,0.0881013716667908,0.262962538097652,1.16782950511462,"ON_20140205_MW1007-26_DIV07_001.h5"
"20140205","MW1007-26","07","B2","Bisindolymaleimide 1","0.03","uM",1.23230124046748,1.42,0.0552379743179831,42.2360833333333,0.653166666666667,50.80825,14,12,20,12.7,0.193295902014652,4.72455648926237,NA,0.10481315535175,37.95,0.0822764567715615,0.407687156775204,1.13856419138361,"ON_20140205_MW1007-26_DIV07_001.h5"
"20140205","MW1007-26","07","B3","Bisindolymaleimide 1","0.1","uM",1.62593666000606,2.75076923076923,0.0595034943904287,62.2666923076923,1.35384615384615,37.8953846153846,15,13,22,13.9090909090909,0.269226871613235,4.71318962367556,NA,0.0694886298728697,46.9090909090909,0.115666298102569,0.424104181020779,1.17567846521796,"ON_20140205_MW1007-26_DIV07_001.h5"
"20140205","MW1007-26","07","B4","Bisindolymaleimide 1","0.3","uM",0.848994958744952,1.14923076923077,0.0587119784618979,60.7896923076923,0.860384615384615,58.7482307692308,15,13,14,13.2857142857143,0.194917091836735,6.04386116387498,NA,0.0508578727765679,50,0.108445964581249,0.666589715344582,1.14049345996634,"ON_20140205_MW1007-26_DIV07_001.h5"
"20140205","MW1007-26","07","B5","Bisindolymaleimide 1","1","uM",1.73004534373167,2.724,0.0848433104226577,33.0494,0.7136,43.5024,14,5,6,12.1666666666667,0.217038690476191,0.792594735319641,NA,0.0424692839099272,22.8333333333333,0.0167975995084265,0.371508847576293,0.900201752453431,"ON_20140205_MW1007-26_DIV07_001.h5"
"20140205","MW1007-26","07","B8","Bisindolymaleimide 1","0","uM",2.50501648617642,3.78,0.0772145508774203,37.5266666666667,0.920166666666667,36.7848333333333,7,6,9,11,0.156643518518519,1.21843989448562,NA,0.0296960647396744,21.5555555555556,0.043495282305905,0.555089263586353,1.76211923308908,"ON_20140205_MW1007-26_DIV07_001.h5"
"20140205","MW1007-26","07","C1","Domoic Acid","0","uM",1.10274828011682,1.905,0.0592995627035348,46.2086666666667,0.58075,44.6116666666667,13,12,18,12.3888888888889,0.197749669312169,4.31440794721195,NA,0.0550649395947247,33.0555555555556,0.0763782397277748,0.710106571966837,0.861982246933219,"ON_20140205_MW1007-26_DIV07_001.h5"
"20140205","MW1007-26","07","C2","Domoic Acid","3e-04","uM",2.41341276562659,3.0825,0.0612036166647396,39.4314375,1.088375,36.0566875,16,16,18,14.9444444444444,0.268624037999038,3.00053173980199,NA,0.0587970722576401,65.8333333333333,0.0709072108072808,0.218627654271092,0.6236250622952,"ON_20140205_MW1007-26_DIV07_001.h5"
"20140205","MW1007-26","07","C3","Domoic Acid","0.001","uM",1.01189824817281,1.3,0.0456316645631522,40.3026666666667,0.405166666666667,56.2286666666667,14,12,16,12.4375,0.221263640873016,4.44478270796864,NA,0.0912033179233997,36.5,0.0696443400214063,0.462956625594534,0.979308441993431,"ON_20140205_MW1007-26_DIV07_001.h5"
"20140205","MW1007-26","07","C4","Domoic Acid","0.003","uM",2.22866646646445,2.57454545454545,0.0747912887694995,36.6995454545455,1.63409090909091,48.5574545454545,13,11,11,15.5454545454545,0.173769759281123,2.89631275658167,NA,0.0617345367540945,69.9090909090909,0.0899294967366617,0.442137558473988,1.43672036850028,"ON_20140205_MW1007-26_DIV07_001.h5"
"20140205","MW1007-26","07","C5","Domoic Acid","0.01","uM",0.909641037329999,2.728,0.0439967930446893,69.7192,0.412533333333333,42.7262666666667,16,15,21,15.4285714285714,0.182903392903393,10.3124332787702,NA,0.0392299896839939,69,0.247896010145428,0.382617992015552,1.04232153720331,"ON_20140205_MW1007-26_DIV07_001.h5"
"20140205","MW1007-26","07","C6","Domoic Acid","0.03","uM",1.4692446421654,2.985,0.0558899536581321,45.1019166666667,0.628083333333333,36.04625,14,12,22,14.1363636363636,0.183737373737374,4.87871058772453,NA,0.0455090887743675,40.8636363636364,0.0882063711671763,0.441667725460501,0.811496694567555,"ON_20140205_MW1007-26_DIV07_001.h5"
"20140205","MW1007-26","07","C7","Domoic Acid","0.1","uM",0.939918949321385,1.806,0.0472272119820309,49.8974,0.4019,54.5546,12,10,20,12.2,0.179967293123543,5.75199448438885,NA,0.032120813085777,29.2,0.087729586331449,0.67013232123403,1.31648132615252,"ON_20140205_MW1007-26_DIV07_001.h5"
"20140205","MW1007-26","07","C8","Domoic Acid","0","uM",0.87484914168866,1.825,0.0543793663029724,52.49025,0.6595,41.88225,14,12,25,12.68,0.203687301587302,6.63211524947294,NA,0.0614357788148552,30.2,0.100108365990511,0.390647100443939,1.23908694920132,"ON_20140205_MW1007-26_DIV07_001.h5"
"20140205","MW1007-26","07","D1","Loperamide","0","uM",1.14517212164045,1.74666666666667,0.0682538731615147,30.0603333333333,0.697555555555556,53.1505555555556,12,9,15,14.2666666666667,0.170023448773449,4.40313994405847,NA,0.0306125350718476,32.5333333333333,0.0956856696701104,0.52146386716756,0.968888740611595,"ON_20140205_MW1007-26_DIV07_001.h5"
"20140205","MW1007-26","07","D2","Loperamide","0.1","uM",0.923906278634213,1.79076923076923,0.044369318366589,61.6387692307692,0.594076923076923,36.9767692307692,14,13,28,13.1428571428571,0.207996740362812,10.6302689682858,NA,0.0498018803619143,47.2857142857143,0.147951328857475,0.459486499129662,0.956918435985888,"ON_20140205_MW1007-26_DIV07_001.h5"
"20140205","MW1007-26","07","D3","Loperamide","0.3","uM",0.379370178234367,1.722,0.0524732683955135,57.2485,0.3209,42.9799,14,10,20,11.3,0.232873106060606,5.37634408602151,NA,0.0515774398192859,13,0.0817959614015907,0.563918039766607,0.547077757826607,"ON_20140205_MW1007-26_DIV07_001.h5"
"20140205","MW1007-26","07","D4","Loperamide","1","uM",0.108531159237151,0.66,0.0174820338982989,63.063,0.094,61.622,3,1,5,7.6,0.0821309523809524,10.1967799642218,NA,0.018224417505754,11.4,0.0849174596146641,1.27259571559452,1.05173378404712,"ON_20140205_MW1007-26_DIV07_001.h5"
"20140205","MW1007-26","07","D8","Loperamide","0","uM",1.46878835500945,2.484,0.0807414354062574,46.7168,0.7651,32.8523,13,10,15,10.6666666666667,0.190027777777778,1.80480442711609,NA,0.0432506843081319,19.1333333333333,0.0273263469998716,0.509837204845579,1.15582398910098,"ON_20140205_MW1007-26_DIV07_001.h5"
"20140205","MW1007-26","07","E1","Mevastatin","0","uM",1.59067289754528,3.59142857142857,0.0711981115747912,58.9887142857143,0.9515,34.6487857142857,15,14,22,13.2272727272727,0.262885551948052,3.04061423024909,NA,0.0799121049861942,31.6818181818182,0.0849852708173236,0.457270575253909,1.16245617995068,"ON_20140205_MW1007-26_DIV07_001.h5"
"20140205","MW1007-26","07","E2","Mevastatin","0.1","uM",2.72188325301245,2.856,0.0492272298865831,63.4754,3.28366666666667,40.6448666666667,15,15,15,15.7333333333333,0.450260582010582,3.59227016167607,NA,0.0216197678606843,100.133333333333,0.165295911271982,0.399468208074588,1.0317994799736,"ON_20140205_MW1007-26_DIV07_001.h5"
"20140205","MW1007-26","07","E3","Mevastatin","0.3","uM",2.96044228372176,4.03714285714286,0.0709316745740403,67.3467142857143,3.21771428571429,32.794,15,14,17,14.2941176470588,0.486102941176471,0.874811463046757,NA,0.0632692145922041,22.1764705882353,0.0594282966753641,0.280751105795898,1.35808928979656,"ON_20140205_MW1007-26_DIV07_001.h5"
"20140205","MW1007-26","07","E5","Mevastatin","3","uM",1.62601187217462,1.56,0.163031232876711,10.403,0.882,32.029,3,1,0,NA,NA,NA,NA,NA,NA,-0.000814849472059048,1.05109611700254,2.26606710092435,"ON_20140205_MW1007-26_DIV07_001.h5"
"20140205","MW1007-26","07","E8","Mevastatin","0","uM",1.27296595293748,2.06769230769231,0.0638600352841652,53.1956153846154,1.06269230769231,45.9761538461538,16,13,24,13.7916666666667,0.205158767736893,5.47756041426928,NA,0.0554293302805113,39.6666666666667,0.0943841956041318,0.459064802010808,1.15387476389456,"ON_20140205_MW1007-26_DIV07_001.h5"
"20140205","MW1007-26","07","F1","Sodium Orthovanadate","0","uM",3.42802021878787,6.24,0.111660673860199,30.8188571428571,1.12857142857143,28.9308571428571,14,7,4,10,0.119809253246753,0.256884892901666,NA,0.0368252348023453,17,0.00545942800054038,0.632653749845053,1.26253069862387,"ON_20140205_MW1007-26_DIV07_001.h5"
"20140205","MW1007-26","07","F2","Sodium Orthovanadate","0.03","uM",2.00994492196851,2.93333333333333,0.0664942265816041,49.7811111111111,1.08033333333333,26.1167777777778,12,9,25,11.2,0.227455952380952,3.81949872335991,NA,0.071362681001357,29.32,0.0570298142016979,0.378573609799126,1.13578988074764,"ON_20140205_MW1007-26_DIV07_001.h5"
"20140205","MW1007-26","07","F3","Sodium Orthovanadate","0.1","uM",1.85765167641051,2.99454545454545,0.0654370265312578,58.1796363636364,1.27436363636364,30.8629090909091,13,11,28,12.2142857142857,0.23828727324263,4.38164862458409,NA,0.0875125307557215,33.3928571428571,0.0792651354366903,0.608008491765472,1.04058415916521,"ON_20140205_MW1007-26_DIV07_001.h5"
"20140205","MW1007-26","07","F4","Sodium Orthovanadate","0.3","uM",1.61548216857573,3.24461538461538,0.0552536374819872,50.3139230769231,0.741230769230769,31.5592307692308,15,13,35,11.9428571428571,0.2381839569161,4.17005879692447,NA,0.0476032577539988,26.3428571428571,0.0645418631846745,0.402427733044185,1.08573002513036,"ON_20140205_MW1007-26_DIV07_001.h5"
"20140205","MW1007-26","07","F5","Sodium Orthovanadate","1","uM",2.59217664494602,4.53428571428571,0.0702169576619966,47.6030714285714,1.34171428571429,27.4796428571429,14,14,34,12.1176470588235,0.291077802916038,2.58375006721514,NA,0.0982656256629677,28.2647058823529,0.0486274986790146,0.278096887758047,1.17085755579425,"ON_20140205_MW1007-26_DIV07_001.h5"
"20140205","MW1007-26","07","F6","Sodium Orthovanadate","3","uM",2.36834761898889,6.41333333333333,0.076708534092468,46.1102222222222,0.737777777777778,20.8882222222222,11,9,15,6.86666666666667,0.35175,0.475586556753329,NA,0.0798881907159815,13,0.00783650211742157,0.364754952081187,1.57152945545712,"ON_20140205_MW1007-26_DIV07_001.h5"
"20140205","MW1007-26","07","F7","Sodium Orthovanadate","10","uM",3.61868306609638,16.08,0.121438654176039,55.9315,0.813,3.1215,7,2,0,NA,NA,NA,NA,NA,NA,0.000346135954491832,1.13899441928325,1.65605045917796,"ON_20140205_MW1007-26_DIV07_001.h5"
"20140205","MW1007-26","07","F8","Sodium Orthovanadate","0","uM",4.59693013651773,5.74,0.0925364544981117,60.8693333333333,3.87,12.2055,11,6,5,8.2,0.209178571428571,0.301043617875301,NA,0.0658721307790988,18,0.00543929332658832,0.775068233474926,1.67329306108149,"ON_20140205_MW1007-26_DIV07_001.h5"
"20140205","MW1007-26","09","A1","Acetaminophen","0","uM",1.03470606079728,1.6575,0.0389498547477922,82.7156875,1.2306875,48.549375,16,16,22,15.5909090909091,0.301119309982946,11.6590126291619,NA,0.160394133946419,92.3181818181818,0.316924682603239,0.810196590477548,1.73486775266614,"ON_20140205_MW1007-26_DIV09_001.h5"
"20140205","MW1007-26","09","A2","Acetaminophen","0.1","uM",1.49610655909082,2.36625,0.0275627105654587,80.034625,0.7735,28.63075,16,16,56,14.6964285714286,0.185997758441955,12.6329998411942,NA,0.108624309995647,56.8214285714286,0.381949615901717,0.557040914469041,1.95789903094373,"ON_20140205_MW1007-26_DIV09_001.h5"
"20140205","MW1007-26","09","A3","Acetaminophen","0.3","uM",1.3510576382833,2.46375,0.0238027614812613,72.9666875,0.496,30.817625,16,16,126,9.91269841269841,0.142283891152939,17.4360327090477,NA,0.118937351678702,31.4761904761905,0.307576446158267,0.594778606717117,1.14172896934165,"ON_20140205_MW1007-26_DIV09_001.h5"
"20140205","MW1007-26","09","A4","Acetaminophen","1","uM",1.08661955661455,2.2125,0.0262549861885152,71.0718125,0.5159375,45.9169375,16,16,50,11.64,0.195558946608947,10.7849568164426,NA,0.120930608403725,39.46,0.295350493737415,0.493504042328051,1.72861536069411,"ON_20140205_MW1007-26_DIV09_001.h5"
"20140205","MW1007-26","09","A5","Acetaminophen","3","uM",1.20467821140449,2.068,0.0255146325659434,80.8815333333333,0.672866666666667,32.0676,15,15,41,14.0487804878049,0.242548356115429,16.7087143908336,NA,0.202407734260664,77.5365853658537,0.319504886443136,0.745319912273745,0.684205204371727,"ON_20140205_MW1007-26_DIV09_001.h5"
"20140205","MW1007-26","09","A6","Acetaminophen","10","uM",1.32189342038138,2.0325,0.0266453667575555,78.870625,0.7145625,31.6429375,16,16,108,11.0277777777778,0.141747284993813,18.9395641428892,NA,0.133731279776974,39.0277777777778,0.372360172631912,0.586892299778515,1.27688818568119,"ON_20140205_MW1007-26_DIV09_001.h5"
"20140205","MW1007-26","09","A7","Acetaminophen","30","uM",0.824026760151825,1.956,0.0312895262640036,80.6194,0.5854,36.2531333333333,16,15,51,13.4117647058824,0.176226469608823,19.3831931499583,NA,0.0751639178430001,50.156862745098,0.322938517419283,0.575821578907373,1.14831900844188,"ON_20140205_MW1007-26_DIV09_001.h5"
"20140205","MW1007-26","09","A8","Acetaminophen","0","uM",1.10039979806719,1.8375,0.0304830636902764,71.058875,0.641375,38.3913125,16,16,48,13.5833333333333,0.194283647486772,17.8883730972687,NA,0.0930462591527948,69.0416666666667,0.303835042407093,0.479634172025276,0.629147886301044,"ON_20140205_MW1007-26_DIV09_001.h5"
"20140205","MW1007-26","09","B1","Bisindolymaleimide 1","0","uM",1.57985716447108,2.81625,0.0305011482355719,77.986,0.7795,24.1514375,16,16,63,13.7619047619048,0.217650388632531,11.8580344386796,NA,0.2170754824813,50.0634920634921,0.318718435689839,0.716569182648916,1.01907208551741,"ON_20140205_MW1007-26_DIV09_001.h5"
"20140205","MW1007-26","09","B2","Bisindolymaleimide 1","0.03","uM",1.08347148421374,2.2875,0.0252066984616936,84.734,0.5500625,26.685375,16,16,49,15.2040816326531,0.174985636529004,18.2172030042213,NA,0.0850462845794033,67.8163265306122,0.395723113252131,0.624997287078168,0.95185917691715,"ON_20140205_MW1007-26_DIV09_001.h5"
"20140205","MW1007-26","09","B3","Bisindolymaleimide 1","0.1","uM",1.4706843895144,2.85,0.0268151652761542,71.95275,0.5039375,23.751875,16,16,98,13.1836734693878,0.143353276542052,19.8384491114701,NA,0.121488069443012,50.1224489795918,0.334920245861838,0.632408890889235,2.4001271269696,"ON_20140205_MW1007-26_DIV09_001.h5"
"20140205","MW1007-26","09","B4","Bisindolymaleimide 1","0.3","uM",1.45766443724535,2.844,0.0243567941165265,81.5435333333333,0.558333333333333,21.1512666666667,16,15,80,14.575,0.184999884663947,23.3527796842828,NA,0.151722345448406,68.05,0.378255995261768,0.61558311064093,0.489725631850258,"ON_20140205_MW1007-26_DIV09_001.h5"
"20140205","MW1007-26","09","B5","Bisindolymaleimide 1","1","uM",1.35289896364981,2.29875,0.0390314346670428,76.528,1.0401875,29.1569375,16,16,73,14.3424657534247,0.173032931680192,16.6527637529086,NA,0.143828571518051,51.958904109589,0.289674669443313,0.802343367974878,0.773056546927388,"ON_20140205_MW1007-26_DIV09_001.h5"
"20140205","MW1007-26","09","B6","Bisindolymaleimide 1","3","uM",0.494900740445636,0.81,0.049584639975524,57.293125,0.5015,71.790125,9,8,14,12.7142857142857,0.192271825396825,8.79574970484061,NA,0.0449309539664336,31.9285714285714,0.124368574410178,0.735299280793999,1.71849056579234,"ON_20140205_MW1007-26_DIV09_001.h5"
"20140205","MW1007-26","09","B8","Bisindolymaleimide 1","0","uM",0.986814630527153,2.38714285714286,0.0304552310699164,65.7939285714286,0.357642857142857,44.3459285714286,15,14,61,10.7377049180328,0.172220383214236,14.1780914890729,NA,0.0800143641923955,34.2459016393443,0.216803450256409,0.582432583555601,0.920710180348608,"ON_20140205_MW1007-26_DIV09_001.h5"
"20140205","MW1007-26","09","C1","Domoic Acid","0","uM",1.11832203163462,2.38,0.0334821668357842,72.4036666666667,0.5994,28.975,16,15,79,14.2911392405063,0.1697788076902,22.8268829925075,NA,0.107546327332441,51.2911392405063,0.309975317873032,0.630243173115487,1.30374456789451,"ON_20140205_MW1007-26_DIV09_001.h5"
"20140205","MW1007-26","09","C2","Domoic Acid","3e-04","uM",1.93006536966401,3.50625,0.0209718929644511,77.8265625,0.4955,18.0144375,16,16,144,12.1805555555556,0.152654639920265,18.3695451467963,NA,0.150926379237216,41.4513888888889,0.395604196617975,0.476121741924062,0.95273472107661,"ON_20140205_MW1007-26_DIV09_001.h5"
"20140205","MW1007-26","09","C3","Domoic Acid","0.001","uM",0.990466733926916,2.712,0.0191911603690549,80.5550666666667,0.318266666666667,25.8783333333333,15,15,85,12.6117647058824,0.168620306164424,29.4809511633853,NA,0.0865462709745,54.2588235294118,0.360064054954237,0.542132795332533,2.11035138197584,"ON_20140205_MW1007-26_DIV09_001.h5"
"20140205","MW1007-26","09","C4","Domoic Acid","0.003","uM",1.03013244617723,2.06625,0.0266370868460468,74.2418125,0.5323125,35.1408125,16,16,36,14.2222222222222,0.214667681855182,16.0871821484172,NA,0.0640405273898018,77.5,0.355106246812119,0.615294053157109,1.41369298983578,"ON_20140205_MW1007-26_DIV09_001.h5"
"20140205","MW1007-26","09","C5","Domoic Acid","0.01","uM",1.29944113042837,2.97,0.0228026386218935,76.1633125,0.39425,24.3755625,16,16,89,12.8988764044944,0.154302204505856,19.3947981898798,NA,0.0934181502601928,47.6741573033708,0.365147757626273,0.459891824086559,1.76768459709776,"ON_20140205_MW1007-26_DIV09_001.h5"
"20140205","MW1007-26","09","C6","Domoic Acid","0.03","uM",1.04379389244493,2.52,0.0330561409529697,78.19275,0.6574375,45.73825,16,16,40,13.075,0.166355045995671,13.5890286234564,NA,0.0691151753701561,59.7,0.318451627677468,0.623991879873621,1.2715575630428,"ON_20140205_MW1007-26_DIV09_001.h5"
"20140205","MW1007-26","09","C7","Domoic Acid","0.1","uM",0.718853423088006,1.576,0.026963109752755,76.9720666666667,0.469266666666667,42.6480666666667,15,15,35,13.0285714285714,0.212447021232736,16.804286718201,NA,0.0823089027910329,54.6571428571429,0.329368137199957,0.521450225137824,1.5603504598676,"ON_20140205_MW1007-26_DIV09_001.h5"
"20140205","MW1007-26","09","C8","Domoic Acid","0","uM",0.907001236990502,2.12625,0.029048822637396,76.914,0.4598125,31.4755625,16,16,59,13.8983050847458,0.191511377041038,20.1047806155861,NA,0.0859982885805987,52.0338983050847,0.318717321921903,0.529776599547089,0.6057509554897,"ON_20140205_MW1007-26_DIV09_001.h5"
"20140205","MW1007-26","09","D1","Loperamide","0","uM",1.01938148194047,2.05875,0.039459549844169,78.219625,0.9365,36.7331875,16,16,50,12.86,0.169240234765235,12.650040787787,NA,0.0890532765734194,43.42,0.259290056576236,0.737850605028348,1.98582503986768,"ON_20140205_MW1007-26_DIV09_001.h5"
"20140205","MW1007-26","09","D2","Loperamide","0.1","uM",1.35022607198874,2.3325,0.023267315913942,82.9295625,0.556,29.546875,16,16,68,13.7941176470588,0.164998746147643,16.4833714587366,NA,0.102919337324444,55.1029411764706,0.38060733440993,0.50735705411205,1.04158448557299,"ON_20140205_MW1007-26_DIV09_001.h5"
"20140205","MW1007-26","09","D3","Loperamide","0.3","uM",0.760823761926086,1.8825,0.0225726251407427,80.3706875,0.3804375,39.6065,16,16,64,13.625,0.171766382489039,25.5679600281052,NA,0.0958466202614407,51.171875,0.402396520183522,0.5369618027493,0.737573357831949,"ON_20140205_MW1007-26_DIV09_001.h5"
"20140205","MW1007-26","09","D4","Loperamide","1","uM",0.488675872754961,1.612,0.0155782210921763,94.3154,0.227733333333333,38.1245333333333,16,15,28,15.3214285714286,0.196387543508079,32.7447216890595,NA,0.0340732881452644,91.3928571428571,0.493202752493701,0.402995489472181,1.02322044778088,"ON_20140205_MW1007-26_DIV09_001.h5"
"20140205","MW1007-26","09","D8","Loperamide","0","uM",1.23268219633353,2.488,0.0336350538783547,76.5002,0.622066666666667,26.2352666666667,15,15,58,12.6379310344828,0.27376026272578,14.1858552631579,NA,0.132953117662468,47.5862068965517,0.26622238019413,0.501034829348556,0.840411343399999,"ON_20140205_MW1007-26_DIV09_001.h5"
"20140205","MW1007-26","09","E1","Mevastatin","0","uM",1.20006895822895,2.51625,0.0393339852121314,75.202375,0.708,26.43925,16,16,48,13.3125,0.220357524420024,12.3737873688379,NA,0.102709182769421,52.0833333333333,0.23642059478045,0.78806352820935,1.44964245065569,"ON_20140205_MW1007-26_DIV09_001.h5"
"20140205","MW1007-26","09","E2","Mevastatin","0.1","uM",2.3061709251731,2.43375,0.0253910737494297,89.8466875,1.38325,22.7733125,16,16,45,15.2444444444444,0.269467111592112,10.8947612424664,NA,0.0841954888543821,94,0.442074683264492,0.494808010882311,1.04867137802355,"ON_20140205_MW1007-26_DIV09_001.h5"
"20140205","MW1007-26","09","E3","Mevastatin","0.3","uM",2.06382874790255,1.545,0.0248713810253378,79.9638125,3.2845625,37.6950625,16,16,24,15.8333333333333,0.450828373015873,7.7850687848961,NA,0.0592553623566316,112.708333333333,0.364801676467148,0.391581934472831,1.2430497384028,"ON_20140205_MW1007-26_DIV09_001.h5"
"20140205","MW1007-26","09","E4","Mevastatin","1","uM",1.33573305942648,4.14,0.0828186177087776,42.06275,0.59275,42.93875,7,4,0,NA,NA,NA,NA,NA,NA,0.000105322969350723,1.06284498859532,1.8402517195093,"ON_20140205_MW1007-26_DIV09_001.h5"
"20140205","MW1007-26","09","E5","Mevastatin","3","uM",1.19745546416035,8.4,0.0337889674681758,67.778,0.163,6.924,3,1,0,NA,NA,NA,NA,NA,NA,-0.000363029022811768,1.49825317069016,1.56336980536285,"ON_20140205_MW1007-26_DIV09_001.h5"
"20140205","MW1007-26","09","E8","Mevastatin","0","uM",1.67928873426296,3.0675,0.0422524116915128,68.857125,0.910875,28.3841875,16,16,60,12.3333333333333,0.17583912037037,9.69864176570458,NA,0.114974938597869,45.7,0.240776670426674,0.482975814483247,1.13817063748068,"ON_20140205_MW1007-26_DIV09_001.h5"
"20140205","MW1007-26","09","F1","Sodium Orthovanadate","0","uM",1.11287329248553,2.235,0.0361345321290291,66.6485625,0.6184375,40.8291875,16,16,44,12.6136363636364,0.169830847813802,12.3452177625961,NA,0.0652602017617977,52.5681818181818,0.235284650779849,0.720058738154761,1.68966736231169,"ON_20140205_MW1007-26_DIV09_001.h5"
"20140205","MW1007-26","09","F2","Sodium Orthovanadate","0.03","uM",1.06755292943224,2.205,0.0286058027106472,77.6955,0.551625,29.2939375,16,16,53,14.5283018867925,0.211253487078959,17.1701997440605,NA,0.129341411093785,58.2264150943396,0.325771031413561,0.692617829136467,1.29822132413395,"ON_20140205_MW1007-26_DIV09_001.h5"
"20140205","MW1007-26","09","F3","Sodium Orthovanadate","0.1","uM",1.25530079954545,2.9,0.0268012579295264,79.1472,0.5074,21.4003333333333,16,15,107,12.9345794392523,0.136132805408506,26.4064926606883,NA,0.0778075076353923,49.2616822429907,0.356357690458239,0.5320989351183,1.28854587591203,"ON_20140205_MW1007-26_DIV09_001.h5"
"20140205","MW1007-26","09","F4","Sodium Orthovanadate","0.3","uM",1.44579679827019,2.7525,0.0236464253482963,79.0800625,0.5216875,24.0924375,16,16,66,14.0757575757576,0.178634030111303,18.4873259110143,NA,0.10359537555624,68.1818181818182,0.361251697074185,0.607875249284564,1.1682411525989,"ON_20140205_MW1007-26_DIV09_001.h5"
"20140205","MW1007-26","09","F5","Sodium Orthovanadate","1","uM",1.68528789110226,3.09,0.0337763158999831,74.7593125,0.75525,20.382,16,16,83,13.3253012048193,0.188153804027298,16.9421633242872,NA,0.117860961050644,57.9156626506024,0.308174920095351,0.389697919507001,0.929297326192339,"ON_20140205_MW1007-26_DIV09_001.h5"
"20140205","MW1007-26","09","F6","Sodium Orthovanadate","3","uM",1.3025654437922,2.248,0.0360317107048935,78.3396,0.833133333333333,29.0339333333333,15,15,35,13.6,0.228087868480726,10.8614232209738,NA,0.0933751577730955,63.8,0.263618789012197,0.738517547595698,2.08004035301706,"ON_20140205_MW1007-26_DIV09_001.h5"
"20140205","MW1007-26","09","F7","Sodium Orthovanadate","10","uM",1.25692093959144,2.60571428571429,0.0616462683362958,46.2408571428571,0.605428571428571,35.3635714285714,15,14,32,12.4375,0.160612991609085,7.08413051347019,NA,0.040393822932142,42.8125,0.112430217279575,0.472795720587482,1.08616114969485,"ON_20140205_MW1007-26_DIV09_001.h5"
"20140205","MW1007-26","09","F8","Sodium Orthovanadate","0","uM",1.00142756965706,1.876,0.0396435423831647,72.8087333333333,0.8148,33.1336666666667,16,15,39,12.974358974359,0.256223274588659,13.4736180904523,NA,0.163199159162883,55,0.223540936828803,0.813736700144231,0.656688060887774,"ON_20140205_MW1007-26_DIV09_001.h5"
"20140205","MW1007-26","12","A1","Acetaminophen","0","uM",1.63441654596617,4.9125,0.0211105336882023,85.1486875,0.3373125,15.595875,16,16,154,12.8311688311688,0.15513496198967,29.1505873372631,NA,0.0794889700306771,44.6363636363636,0.429053686527351,0.551571686956462,0.431302854696689,"ON_20140205_MW1007-26_DIV12_00_001.h5"
"20140205","MW1007-26","12","A2","Acetaminophen","0.1","uM",1.4794377326512,4.30125,0.0185367053794828,81.7121875,0.30475,16.3211875,16,16,97,13.7113402061856,0.141518754727518,29.8992738346217,NA,0.0672402428458524,65.7938144329897,0.442735489198301,0.435163598067168,0.371448806611417,"ON_20140205_MW1007-26_DIV12_00_001.h5"
"20140205","MW1007-26","12","A3","Acetaminophen","0.3","uM",1.55581816747817,4.1925,0.0190540208967286,79.1303125,0.30975,17.832125,16,16,82,12.9756097560976,0.165530326719351,25.2283155878291,NA,0.0599003844523967,69.0609756097561,0.389470420490926,0.522833733009262,0.716265878742871,"ON_20140205_MW1007-26_DIV12_00_001.h5"
"20140205","MW1007-26","12","A4","Acetaminophen","1","uM",1.80041576684692,5.68875,0.0253981561125067,86.698125,0.37025,11.6991875,16,16,155,12.5096774193548,0.184142565767566,23.7565445026178,NA,0.105635796728188,39.8129032258065,0.366937854264742,0.457088943733967,0.597993670436777,"ON_20140205_MW1007-26_DIV12_00_001.h5"
"20140205","MW1007-26","12","A5","Acetaminophen","3","uM",1.29609234405475,3.264,0.0318218744113781,78.5539333333333,0.537066666666667,19.8708,15,15,84,12.797619047619,0.197503092145949,19.3055476366954,NA,0.118666671252091,40.3095238095238,0.291751002923415,0.746033733706766,0.612855585132431,"ON_20140205_MW1007-26_DIV12_00_001.h5"
"20140205","MW1007-26","12","A6","Acetaminophen","10","uM",1.8974508020173,5.56125,0.0174591944576521,82.6616875,0.2815625,14.692875,16,16,133,13.7744360902256,0.194702229683433,27.2026592635885,NA,0.0932757928729672,55.9924812030075,0.428033852903115,0.56030372248444,0.792567345678005,"ON_20140205_MW1007-26_DIV12_00_001.h5"
"20140205","MW1007-26","12","A7","Acetaminophen","30","uM",2.46004607378726,8.3625,0.0225021097630701,83.2848125,0.2960625,12.8338125,16,16,207,14.0579710144928,0.140849685405845,36.6607500070436,NA,0.057353350463354,62.8599033816425,0.457981265217814,0.259587187540338,0.422973445097089,"ON_20140205_MW1007-26_DIV12_00_001.h5"
"20140205","MW1007-26","12","A8","Acetaminophen","0","uM",1.31586438764971,4.7625,0.0125076891040169,83.573375,0.1664375,17.8291875,16,16,132,13.780303030303,0.135372795344386,38.9728733210429,NA,0.065293849658057,56.0530303030303,0.496015813729555,0.419543556534121,0.536156341156446,"ON_20140205_MW1007-26_DIV12_00_001.h5"
"20140205","MW1007-26","12","B1","Bisindolymaleimide 1","0","uM",2.33244500253821,6.93375,0.0218113561435056,83.2248125,0.3345,10.6423125,16,16,218,11.6834862385321,0.131788365495361,28.4916201117318,NA,0.0734918948520407,43.9816513761468,0.40683242871123,0.4001681570141,0.524401577488831,"ON_20140205_MW1007-26_DIV12_00_001.h5"
"20140205","MW1007-26","12","B2","Bisindolymaleimide 1","0.03","uM",1.22964182782689,3.79875,0.0233541464772922,77.4993125,0.3133125,16.0740625,16,16,93,12.6989247311828,0.163076069688973,27.7549179865847,NA,0.0704265445268334,52.9462365591398,0.363293602117599,0.428783967263553,0.816130414575791,"ON_20140205_MW1007-26_DIV12_00_001.h5"
"20140205","MW1007-26","12","B3","Bisindolymaleimide 1","0.1","uM",1.33852899943593,4.86,0.0213498958257284,88.208125,0.2779375,13.5585625,16,16,92,14.3913043478261,0.141592424031283,31.2707125103563,NA,0.0509677691363785,65.6413043478261,0.440199324891,0.37197722773207,0.3788273619602,"ON_20140205_MW1007-26_DIV12_00_001.h5"
"20140205","MW1007-26","12","B4","Bisindolymaleimide 1","0.3","uM",1.18507502238792,3.36375,0.0286570111430809,80.8185,0.4276875,20.6349375,16,16,81,14.0740740740741,0.151903489172008,31.8399812843607,NA,0.0484984135076469,67.2098765432099,0.385946625768832,0.3560336908592,0.774335835300026,"ON_20140205_MW1007-26_DIV12_00_001.h5"
"20140205","MW1007-26","12","B5","Bisindolymaleimide 1","1","uM",1.13031953825607,2.63625,0.0257316946257752,88.103625,0.5118125,24.8615625,16,16,63,13.2857142857143,0.169124417249417,29.3966151582046,NA,0.0537431506818092,76.0952380952381,0.454999448548947,0.730572669259242,0.683578448901343,"ON_20140205_MW1007-26_DIV12_00_001.h5"
"20140205","MW1007-26","12","B6","Bisindolymaleimide 1","3","uM",0.46916901576473,1.304,0.0296674805236267,83.2453333333333,0.4204,51.1276,15,15,24,12.3333333333333,0.201000330687831,20.7014809041309,NA,0.0666090956859676,55.3333333333333,0.330883002381865,0.502579936873595,0.583580971433248,"ON_20140205_MW1007-26_DIV12_00_001.h5"
"20140205","MW1007-26","12","B8","Bisindolymaleimide 1","0","uM",1.81390825745157,5.476,0.0299767207915918,71.7459333333333,0.376866666666667,14.8117333333333,16,15,115,12.104347826087,0.149060756875974,21.0191598817191,NA,0.0630142665760669,45.1217391304348,0.292777379654196,0.491072074587882,0.911889061114517,"ON_20140205_MW1007-26_DIV12_00_001.h5"
"20140205","MW1007-26","12","C1","Domoic Acid","0","uM",1.70241038132484,4.99125,0.0194467588260737,81.4931875,0.287875,14.100875,16,16,133,12.8872180451128,0.154824910365324,28.9227261623646,NA,0.0600663247785406,53.4135338345865,0.417626933900065,0.618140947085808,0.509799931828674,"ON_20140205_MW1007-26_DIV12_00_001.h5"
"20140205","MW1007-26","12","C2","Domoic Acid","3e-04","uM",1.82847275415904,5.428,0.0142032162890477,94.0481333333333,0.245133333333333,11.7364,16,15,95,13.9052631578947,0.185437838477312,31.458734746307,NA,0.0619587194815805,82.4947368421053,0.498338865638927,0.648105321098944,0.44217153539295,"ON_20140205_MW1007-26_DIV12_00_001.h5"
"20140205","MW1007-26","12","C3","Domoic Acid","0.001","uM",0.903495192778213,3.31714285714286,0.0125008644145962,77.9152857142857,0.146214285714286,19.9239285714286,15,14,77,13.5584415584416,0.126637326418171,45.4097084018344,NA,0.0419813829260878,68.1558441558442,0.424253365276508,0.551912646915449,0.521717540026383,"ON_20140205_MW1007-26_DIV12_00_001.h5"
"20140205","MW1007-26","12","C4","Domoic Acid","0.003","uM",1.19443197220792,3.735,0.0120401019691304,84.9085,0.181875,22.819875,16,16,54,16,0.157854277923722,41.1013752683804,NA,0.0199034259593866,131.166666666667,0.555614412708014,0.277088906587694,0.558885806704388,"ON_20140205_MW1007-26_DIV12_00_001.h5"
"20140205","MW1007-26","12","C5","Domoic Acid","0.01","uM",1.33949934978764,3.585,0.0140936754588057,89.3020625,0.2658125,22.3399375,16,16,43,16,0.168943269263037,30.2494049467039,NA,0.0184044915774079,135.953488372093,0.536102765250812,0.272703163376349,0.537682417587004,"ON_20140205_MW1007-26_DIV12_00_001.h5"
"20140205","MW1007-26","12","C6","Domoic Acid","0.03","uM",1.02004615185888,2.72625,0.0328001521022186,77.79,0.4603125,26.135,16,16,43,14.6976744186047,0.169600117260001,19.4808724604199,NA,0.0564144844555263,66.6744186046512,0.320762424273758,0.482096810846094,0.781348690331711,"ON_20140205_MW1007-26_DIV12_00_001.h5"
"20140205","MW1007-26","12","C7","Domoic Acid","0.1","uM",0.677877514268327,1.452,0.0293988289859185,73.4697333333333,0.535733333333333,50.5354,15,15,20,15.4,0.179389804639805,24.8375920311823,NA,0.049709915710303,114.7,0.32593328920663,0.662255948873929,0.853128867900706,"ON_20140205_MW1007-26_DIV12_00_001.h5"
"20140205","MW1007-26","12","C8","Domoic Acid","0","uM",1.21058137448985,3.915,0.0111881099783092,87.4773125,0.167,16.0659375,16,16,92,14.3695652173913,0.139491542575782,40.5129966792626,NA,0.0508955159070058,76.9130434782609,0.548392444979952,0.723018250829479,0.455275434224507,"ON_20140205_MW1007-26_DIV12_00_001.h5"
"20140205","MW1007-26","12","D1","Loperamide","0","uM",1.99303031166012,5.9025,0.0232746697659683,76.9614375,0.335875,11.721125,16,16,155,12.8129032258065,0.162976569577376,28.151625804208,NA,0.10018492815924,52.2258064516129,0.362796319130054,0.34335153459804,0.413899086342561,"ON_20140205_MW1007-26_DIV12_00_001.h5"
"20140205","MW1007-26","12","D2","Loperamide","0.1","uM",0.751744279612786,2.19,0.0165368764264218,88.2680625,0.2578125,28.1399375,16,16,45,15.2444444444444,0.157488679530346,34.7870182555781,NA,0.0611112302623466,83.8444444444444,0.507469161892324,0.826759368019817,0.639263329027417,"ON_20140205_MW1007-26_DIV12_00_001.h5"
"20140205","MW1007-26","12","D3","Loperamide","0.3","uM",1.6945089570324,5.632,0.00979314416898701,92.1486,0.1468,11.5763333333333,16,15,91,15.978021978022,0.152075639561903,41.1465955065852,NA,0.0228728515347253,105.054945054945,0.618654288679731,0.126332888933471,0.458052787151482,"ON_20140205_MW1007-26_DIV12_00_001.h5"
"20140205","MW1007-26","12","D4","Loperamide","1","uM",0.505598740397265,2.245,0.027135776746592,86.77225,0.260166666666667,31.1400833333333,15,12,45,14.6222222222222,0.087704024370691,53.001190273763,NA,0.0208457437115136,69.2666666666667,0.491073868889503,0.343988551720931,0.497590358157984,"ON_20140205_MW1007-26_DIV12_00_001.h5"
"20140205","MW1007-26","12","D5","Loperamide","3","uM",0.266628512966111,1.36714285714286,0.0476263768999496,80.9587142857143,0.376857142857143,52.0873571428571,14,14,50,13.12,0.0739193611943613,55.4970760233918,NA,0.0225732321866832,37.96,0.484169751613789,0.408433090665576,0.531016239777976,"ON_20140205_MW1007-26_DIV12_00_001.h5"
"20140205","MW1007-26","12","D8","Loperamide","0","uM",2.35205532107455,6.896,0.0235340809829668,83.7894,0.343733333333333,9.91073333333333,15,15,168,11.8095238095238,0.177089050582354,26.2085874143459,NA,0.0814033805389491,49.6309523809524,0.369365746408897,0.38917723008665,0.544249144511959,"ON_20140205_MW1007-26_DIV12_00_001.h5"
"20140205","MW1007-26","12","E1","Mevastatin","0","uM",1.78017703093996,5.29875,0.0294515411596404,73.095,0.388875,13.4558125,16,16,161,13.111801242236,0.137618652482783,27.2076000622956,NA,0.0549944032796207,43.4037267080745,0.335703958084263,0.475009167225907,0.73869910385385,"ON_20140205_MW1007-26_DIV12_00_001.h5"
"20140205","MW1007-26","12","E2","Mevastatin","0.1","uM",1.81212928180678,2.76375,0.0196332045871043,94.105625,0.757625,21.5018125,16,16,43,15.1860465116279,0.220408591731266,19.0017211703959,NA,0.0611526261917071,115.53488372093,0.505159976430512,0.521940187529216,0.564781109506679,"ON_20140205_MW1007-26_DIV12_00_001.h5"
"20140205","MW1007-26","12","E3","Mevastatin","0.3","uM",2.19721974995435,2.53125,0.017520865317476,95.25375,0.822875,23.791,16,16,46,15.6304347826087,0.347165479448088,18.4946847102615,NA,0.109906583207179,127.45652173913,0.57156963743194,0.320979681311933,0.503029654644727,"ON_20140205_MW1007-26_DIV12_00_001.h5"
"20140205","MW1007-26","12","E4","Mevastatin","1","uM",1.16117881207838,3.66923076923077,0.05065811924923,68.3917692307692,0.555384615384615,28.3116923076923,13,13,26,12.1923076923077,0.364845467032967,5.15925436665199,NA,0.0432524772363041,27.0384615384615,0.0850432390868719,0.62111635738286,1.29687683381179,"ON_20140205_MW1007-26_DIV12_00_001.h5"
"20140205","MW1007-26","12","E5","Mevastatin","3","uM",3.07850580151959,12.84,0.0819140347293155,42.219,0.416,4.157,3,1,0,NA,NA,NA,NA,NA,NA,0.0275846759161858,1.90530519503064,2.62193895687587,"ON_20140205_MW1007-26_DIV12_00_001.h5"
"20140205","MW1007-26","12","E8","Mevastatin","0","uM",2.75960708950609,7.30875,0.0268345035156235,79.059625,0.428375,9.2639375,16,16,261,11.2145593869732,0.124787983940283,24.2069571769434,NA,0.0725553064201335,36.9272030651341,0.363557269981894,0.395650154077561,0.739131963687697,"ON_20140205_MW1007-26_DIV12_00_001.h5"
"20140205","MW1007-26","12","F1","Sodium Orthovanadate","0","uM",1.88871764885197,4.4775,0.0260855141222278,80.9201875,0.5035,15.2115,16,16,94,12.1489361702128,0.162092922591593,21.7908256880734,NA,0.069840910512137,63.1702127659574,0.359948716040498,0.497238514187115,0.708100194743613,"ON_20140205_MW1007-26_DIV12_00_001.h5"
"20140205","MW1007-26","12","F2","Sodium Orthovanadate","0.03","uM",1.45199067984587,4.45875,0.0221074775752456,80.1616875,0.305625,15.8308125,16,16,87,12.9885057471264,0.188801094339887,25.1706525371139,NA,0.0809527032792411,60.6091954022989,0.371758845993958,0.535631917450782,0.722386968638209,"ON_20140205_MW1007-26_DIV12_00_001.h5"
"20140205","MW1007-26","12","F3","Sodium Orthovanadate","0.1","uM",1.71218319558129,4.96875,0.0277323715807669,83.537,0.4445,16.771625,16,16,148,12.5337837837838,0.147924631205881,23.592276241752,NA,0.0830094507900432,39.3783783783784,0.365650335944973,0.474052409419242,0.423267557958823,"ON_20140205_MW1007-26_DIV12_00_001.h5"
"20140205","MW1007-26","12","F4","Sodium Orthovanadate","0.3","uM",1.93522515499434,5.41875,0.0133312470709227,89.3015,0.24225,13.085125,16,16,129,12.1472868217054,0.1717830398499,30.3499158339601,NA,0.100390921361141,65.6899224806202,0.476511821617851,0.423748823737628,0.415499187832091,"ON_20140205_MW1007-26_DIV12_00_001.h5"
"20140205","MW1007-26","12","F5","Sodium Orthovanadate","1","uM",2.11266064787731,5.85375,0.0229571480950328,85.5011875,0.423375,12.3793125,16,16,149,14.0134228187919,0.155677745539323,22.5681572126899,NA,0.086646161472045,46.1677852348993,0.43530605850245,0.392395571661667,0.498112664608782,"ON_20140205_MW1007-26_DIV12_00_001.h5"
"20140205","MW1007-26","12","F6","Sodium Orthovanadate","3","uM",1.78417725075719,5.08285714285714,0.0201240095283157,80.6783571428571,0.331785714285714,16.1495714285714,14,14,194,10.0721649484536,0.133041832165543,24.6270644645711,NA,0.0796778602687916,28.5927835051546,0.3857579317799,0.432922567486818,0.360657474610807,"ON_20140205_MW1007-26_DIV12_00_001.h5"
"20140205","MW1007-26","12","F7","Sodium Orthovanadate","10","uM",1.81268376772204,5.895,0.0285129966429822,70.50025,0.3465625,15.140625,16,16,256,10.30078125,0.129426984148664,25.7484800978855,NA,0.0865583747165281,26.3046875,0.292479097330045,0.26839244347436,0.610960241717833,"ON_20140205_MW1007-26_DIV12_00_001.h5"
"20140205","MW1007-26","12","F8","Sodium Orthovanadate","0","uM",1.10924907347622,3.045,0.0208432968219108,74.8783125,0.3130625,24.46425,16,16,89,11.8426966292135,0.175021189016976,25.5248687828043,NA,0.0827897280393444,45.8988764044944,0.333890877770386,0.640215956245615,0.685074530322729,"ON_20140205_MW1007-26_DIV12_00_001.h5"
